title,skills
Software Engineer,Python|Java|C++|Git|Software Design|Problem Solving
Full Stack Developer,JavaScript|React|Node.js|HTML/CSS|Database|Git
Frontend Developer,JavaScript|React|Vue.js|CSS|HTML|UI/UX Design
Backend Developer,Python|Java|Node.js|Database Design|API Development|SQL
DevOps Engineer,Docker|Kubernetes|AWS|Linux|CI/CD|Scripting
Cloud Architect,AWS|Azure|GCP|System Design|Networking|Security
Data Scientist,Python|Machine Learning|Statistics|TensorFlow|SQL|Data Analysis
Machine Learning Engineer,Python|TensorFlow|PyTorch|Deep Learning|Statistics|Research
Data Engineer,Python|Spark|Hadoop|SQL|Data Warehousing|ETL
Database Administrator,SQL|MongoDB|Database Optimization|Linux|Backup Recovery|Security
Systems Administrator,Windows Server|Linux|Networking|Security|Active Directory|Troubleshooting
Network Engineer,Cisco|Networking|TCP/IP|Security|Routing|Configuration
Cybersecurity Specialist,Penetration Testing|Security Protocols|Networking|Risk Analysis|Encryption|Firewalls
Security Engineer,Security Architecture|Encryption|Networking|Linux|Risk Management|Compliance
Mobile Developer Android,Java|Kotlin|Android SDK|XML|REST API|Mobile Design
Mobile Developer iOS,Swift|Objective-C|iOS SDK|Xcode|REST API|Mobile Design
Game Developer,Unity|Unreal Engine|C#|C++|Game Physics|Graphics Programming
QA Engineer,Test Automation|Selenium|Manual Testing|Bug Tracking|SQL|API Testing
Software Architect,System Design|Architecture Patterns|Microservices|Scalability|Leadership|Multiple Languages
Technical Lead,Leadership|Code Review|Mentoring|Architecture|Problem Solving|Communication
Data Analyst,SQL|Python|Excel|Tableau|Data Visualization|Statistical Analysis
Business Analyst,Requirements Gathering|SQL|Excel|Process Improvement|Documentation|Stakeholder Communication
BI Developer,Power BI|Tableau|SQL|ETL|Database Design|Data Visualization
BI Analyst,SQL|Tableau|Power BI|Excel|Data Analysis|Reporting
Analytics Engineer,SQL|Python|dbt|Data Modeling|Analytics|Cloud Platforms
Accountant,Accounting Principles|QuickBooks|Excel|Financial Analysis|Tax Knowledge|GAAP
Financial Analyst,Financial Modeling|Excel|Python|Statistics|Valuation|Risk Analysis
Investment Banking Analyst,Financial Modeling|Valuation|Excel|Research|Communication|M&A
Audit Manager,Audit Procedures|Internal Controls|Risk Assessment|Leadership|Compliance|Communication
Tax Specialist,Tax Law|Tax Planning|Accounting|IRS Knowledge|Software|Compliance
Controller,Leadership|Financial Reporting|Accounting|FP&A|Risk Management|Strategy
CFO,Strategic Leadership|Financial Strategy|Risk Management|Board Communication|M&A|Investor Relations
Budget Analyst,Budget Planning|Forecasting|Excel|Financial Analysis|Communication|Attention to Detail
HR Manager,Recruitment|Employee Relations|Compensation|Compliance|Leadership|Communication
Talent Acquisition Specialist,Recruitment|Networking|Interviewing|Job Posting|ATS Systems|Communication
HR Business Partner,Strategic HR|Business Acumen|Employee Relations|Coaching|Data Analysis|Leadership
Training Specialist,Training Program Development|Presentation|eLearning|Assessment|Communication|Instructional Design
Learning & Development Manager,Curriculum Development|Leadership|Training Design|E-Learning|Coaching|Project Management
Compensation & Benefits Manager,Compensation Strategy|Benefits Administration|Excel|Market Analysis|Compliance|Communication
HR Operations Manager,HR Systems|Process Management|Compliance|Data Analysis|Leadership|Problem Solving
Chief People Officer,Strategic Leadership|Organizational Development|Culture Building|Change Management|Executive Communication|Vision Setting
Marketing Manager,Campaign Management|Brand Strategy|Analytics|Budget Management|Leadership|Communication
Digital Marketing Manager,SEO|SEM|Social Media|Analytics|Content Strategy|Email Marketing
SEO Specialist,SEO|Keyword Research|Technical SEO|Analytics|Content Optimization|Backlink Strategy
Content Marketing Manager,Content Strategy|Writing|SEO|Analytics|Project Management|Research
Social Media Manager,Social Media Strategy|Content Creation|Community Management|Analytics|Copywriting|Platform Knowledge
Email Marketing Specialist,Email Campaign Management|Segmentation|A/B Testing|Analytics|Copywriting|Automation Platforms
Product Manager,Product Strategy|Market Analysis|User Research|Data Analysis|Leadership|Communication
Product Marketing Manager,Product Strategy|Market Research|Positioning|Messaging|Campaign Management|Analytics
Sales Manager,Sales Strategy|Team Leadership|CRM|Negotiation|Target Setting|Communication
Sales Executive,Selling|Negotiation|Client Relationships|CRM|Product Knowledge|Communication
Account Executive,Account Management|Sales|Relationship Building|CRM|Negotiation|Product Knowledge
Business Development Manager,Business Development Strategy|Networking|Sales|Negotiation|Market Analysis|Communication
Marketing Director,Strategic Marketing|Leadership|Budget Management|Brand Strategy|Analytics|Team Management
Chief Marketing Officer,Strategic Leadership|Brand Vision|Executive Communication|P&L Management|Market Strategy|Team Leadership
CMO,Strategic Leadership|Brand Management|Executive Communication|Market Intelligence|Digital Transformation|Vision
Operations Manager,Process Management|Efficiency Optimization|Leadership|Quality Control|Project Management|Data Analysis
Supply Chain Manager,Supply Chain Strategy|Procurement|Vendor Management|Forecasting|Inventory Management|Analytics
Logistics Manager,Logistics Planning|Distribution|Fleet Management|Cost Optimization|Supplier Management|Software
Warehouse Manager,Warehouse Management|Inventory Control|Staff Management|Safety|Organization|Problem Solving
Quality Assurance Manager,Quality Management|Process Improvement|Statistical Analysis|Compliance|Leadership|Problem Solving
Process Improvement Manager,Lean Manufacturing|Six Sigma|Process Analysis|Data Analysis|Leadership|Change Management
Procurement Manager,Procurement Strategy|Vendor Management|Negotiation|Cost Analysis|Compliance|Strategic Sourcing
Demand Planner,Demand Forecasting|Statistical Analysis|ERP Systems|Supply Planning|Data Analysis|Excel
Production Manager,Production Planning|Staff Management|Quality Control|Equipment Maintenance|Safety|Problem Solving
Mechanical Engineer,CAD|Mechanical Design|Physics|Thermodynamics|Problem Solving|Technical Documentation
Civil Engineer,CAD|Project Management|Structural Analysis|Building Codes|AutoCAD|Technical Design
Electrical Engineer,Circuit Design|Electrical Systems|CAD|Power Systems|Troubleshooting|Technical Knowledge
Electronics Engineer,Circuit Design|Embedded Systems|Microcontrollers|CAD|Hardware Design|PCB Design
Embedded Systems Engineer,C/C++|Embedded Linux|Hardware|Microcontrollers|Real-time Systems|Low-level Programming
Chemical Engineer,Chemical Processes|Safety|Data Analysis|Thermochemistry|Process Design|Laboratory Skills
Manufacturing Engineer,Process Design|CAD|Production Planning|Quality Control|Problem Solving|Equipment Knowledge
Automotive Engineer,CAD|Vehicle Systems|Thermal Systems|Materials|Testing|Problem Solving
Aerospace Engineer,CAD|Aerodynamics|Structural Analysis|MATLAB|Physics|Design
Environmental Engineer,Environmental Assessment|Regulations|Water Systems|Waste Management|Sustainability|Analysis
Structural Engineer,Structural Analysis|CAD|Building Codes|Materials|Calculations|Design
Project Engineer,Project Management|Technical Knowledge|Documentation|Coordination|Problem Solving|Communication
Project Manager,Project Management|Budget Control|Timeline Management|Team Leadership|Risk Management|Communication
Construction Manager,Project Management|Construction Knowledge|Safety|Budget Control|Contractor Management|Compliance
Real Estate Agent,Sales|Customer Service|Marketing|Negotiation|Property Knowledge|Communication
Real Estate Broker,Sales Leadership|Real Estate Knowledge|Negotiation|Business Development|Team Management|Communication
Architect,Architectural Design|CAD|Building Codes|Creativity|Technical Knowledge|Client Communication
Landscape Architect,Design|CAD|Horticulture|Environmental Knowledge|Creativity|Technical Skills
Teacher,Instruction|Curriculum Development|Student Assessment|Communication|Classroom Management|Patience
College Professor,Research|Teaching|Publication|Mentoring|Subject Matter Expertise|Communication
Training Manager,Program Design|Leadership|Instruction|Evaluation|Curriculum Development|Communication
Instructional Designer,Course Development|Adult Learning|Technology|E-Learning|Assessment|Creativity
School Principal,Educational Leadership|Management|Budgeting|Staff Management|Community Relations|Vision
Academic Advisor,Academic Planning|Student Support|Counseling|Communication|Problem Solving|Organization
Nurse,Patient Care|Medical Knowledge|Communication|Critical Thinking|Compassion|Attention to Detail
Registered Nurse,Nursing Care|Patient Monitoring|Medical Records|Communication|Critical Thinking|Clinical Skills
Nursing Manager,Nursing Leadership|Staff Management|Patient Safety|Budget Management|Communication|Clinical Knowledge
Physician,Medical Knowledge|Diagnosis|Treatment|Patient Communication|Decision Making|Empathy
Surgeon,Surgical Expertise|Precision|Problem Solving|Patient Care|Research|Technical Skills
Pharmacist,Pharmacy Knowledge|Patient Counseling|Drug Interactions|Attention to Detail|Communication|Accuracy
Physical Therapist,Physical Therapy|Patient Assessment|Exercise Prescription|Communication|Anatomy Knowledge|Compassion
Occupational Therapist,Occupational Therapy|Patient Assessment|Treatment Planning|Communication|Problem Solving|Empathy
Medical Technologist,Lab Testing|Quality Control|Analysis|Attention to Detail|Equipment Operation|Accuracy
Healthcare Administrator,Healthcare Management|Budget Control|Leadership|Compliance|Strategic Planning|Communication
Clinical Lab Scientist,Laboratory Analysis|Quality Control|Equipment Maintenance|Data Analysis|Attention to Detail|Safety
Radiographer,Imaging Technology|Patient Care|Radiation Safety|Technical Skills|Communication|Attention to Detail
Dentist,Dental Procedures|Patient Communication|Diagnosis|Attention to Detail|Compassion|Clinical Skills
Psychologist,Psychological Assessment|Counseling|Research|Patient Communication|Critical Thinking|Empathy
Psychiatrist,Psychiatric Diagnosis|Treatment Planning|Patient Communication|Medical Knowledge|Problem Solving|Empathy
Graphic Designer,Design Software|Creativity|Visual Communication|Adobe Creative Suite|Branding|Attention to Detail
UX Designer,User Research|Wireframing|Prototyping|Usability Testing|Design Thinking|Communication
UI Designer,Visual Design|Prototyping Tools|Design Systems|UI Principles|Figma|Creativity
Web Designer,Web Design|HTML/CSS|Design Tools|User Experience|Responsive Design|Creativity
Video Editor,Video Editing Software|Storytelling|Color Grading|Audio Editing|Creativity|Attention to Detail
Animator,Animation Software|Creativity|Storytelling|Drawing|Timing|Technical Skills
3D Artist,3D Modeling|Texturing|Rendering|Software Skills|Creativity|Problem Solving
Creative Director,Creative Vision|Leadership|Communication|Design Knowledge|Strategic Thinking|Team Management
Art Director,Artistic Direction|Visual Communication|Team Leadership|Design Principles|Communication|Creativity
Photographer,Photography|Editing Software|Lighting|Composition|Client Service|Creativity
Copywriter,Writing|Creativity|SEO Knowledge|Marketing|Brand Voice|Research
Journalist,Writing|Reporting|Research|Communication|Ethics|Source Development
Producer,Production Management|Leadership|Technical Knowledge|Problem Solving|Communication|Creativity
Director,Strategic Planning|Leadership|Department Management|Budget Control|Decision Making|Communication
Writer,Writing|Storytelling|Research|Creativity|Communication|Attention to Detail
Editor,Content Editing|Writing|Organization|Attention to Detail|Communication|Management
Sound Engineer,Audio Engineering|Sound Design|Technical Skills|Equipment Knowledge|Problem Solving|Precision
Broadcast Technician,Broadcasting|Equipment Operation|Technical Knowledge|Troubleshooting|Safety|Attention to Detail
Lawyer,Legal Knowledge|Research|Writing|Negotiation|Communication|Ethics
Paralegal,Legal Research|Document Preparation|Organization|Communication|Attention to Detail|Legal Knowledge
Legal Secretary,Legal Knowledge|Administrative Skills|Organization|Communication|Typing|Attention to Detail
Law Clerk,Legal Research|Writing|Analysis|Attention to Detail|Communication|Problem Solving
Judge,Legal Expertise|Decision Making|Ethics|Fairness|Communication|Leadership
Corporate Lawyer,Corporate Law|Contract Negotiation|Research|Writing|Strategic Thinking|Communication
Patent Attorney,Patent Law|Technical Knowledge|Research|Writing|Communication|Legal Expertise
Tax Attorney,Tax Law|Legal Research|Planning|Writing|Communication|Analytical Skills
Management Consultant,Business Analysis|Problem Solving|Communication|Research|Strategic Thinking|Project Management
Strategy Consultant,Strategic Thinking|Analysis|Communication|Market Knowledge|Problem Solving|Leadership
Business Consultant,Business Analysis|Process Improvement|Communication|Problem Solving|Data Analysis|Project Management
IT Consultant,IT Knowledge|Problem Solving|Communication|System Design|Project Management|Technical Expertise
HR Consultant,HR Expertise|Organizational Development|Communication|Problem Solving|Strategic Thinking|Analysis
Customer Service Representative,Customer Service|Communication|Problem Solving|Patience|Product Knowledge|Attention to Detail
Customer Success Manager,Customer Relations|Account Management|Problem Solving|Communication|Product Knowledge|Analytics
Call Center Manager,Team Management|Customer Service|Leadership|Performance Metrics|Problem Solving|Communication
Technical Support Specialist,Technical Knowledge|Troubleshooting|Communication|Customer Service|Problem Solving|Patience
Research Scientist,Research|Scientific Knowledge|Experimentation|Data Analysis|Writing|Problem Solving
Product Researcher,Research Methodology|Data Analysis|User Research|Report Writing|Problem Solving|Communication
Laboratory Manager,Laboratory Management|Scientific Knowledge|Leadership|Safety|Equipment Maintenance|Quality Control
Administrative Assistant,Administrative Skills|Organization|Communication|Time Management|Typing|Software Skills
Executive Assistant,Executive Support|Organization|Communication|Discretion|Problem Solving|Leadership Support
Office Manager,Office Management|Leadership|Organization|Communication|Problem Solving|Administrative Skills
Receptionist,Customer Service|Communication|Organization|Phone Skills|Computer Skills|Friendliness
Chief Executive Officer,Strategic Leadership|Vision|Decision Making|Business Acumen|Communication|Executive Management
COO,Operations Management|Strategic Thinking|Leadership|Business Operations|Decision Making|Communication
Vice President,Strategic Leadership|Department Management|Business Development|Decision Making|Communication|Vision
General Manager,Business Management|Leadership|P&L Responsibility|Strategic Planning|Decision Making|Communication
Government Analyst,Policy Analysis|Research|Writing|Data Analysis|Government Knowledge|Communication
Public Administrator,Public Administration|Leadership|Policy Knowledge|Budget Management|Strategic Planning|Communication
Policy Advisor,Policy Expertise|Analysis|Writing|Research|Strategic Thinking|Communication
Electrical Utilities Manager,Electrical Systems|Management|Safety|Regulatory Knowledge|Problem Solving|Leadership
Water Treatment Operator,Water Treatment|Equipment Operation|Safety|Testing|Compliance|Maintenance
Safety Engineer,Safety Management|Risk Assessment|Regulatory Knowledge|Problem Solving|Communication|Leadership
Agricultural Engineer,Agricultural Systems|Equipment Design|Problem Solving|Technical Knowledge|Sustainability|Analysis
Food Scientist,Food Science|Research|Testing|Quality Control|Problem Solving|Technical Knowledge
Nutritionist,Nutrition Science|Meal Planning|Client Communication|Research|Health Knowledge|Counseling
Chef,Cooking|Recipe Development|Kitchen Management|Creativity|Food Safety|Time Management
Restaurant Manager,Restaurant Management|Leadership|Customer Service|Financial Management|Staff Management|Communication
Hotel Manager,Hotel Management|Leadership|Customer Service|Budget Control|Staff Management|Communication
Event Coordinator,Event Planning|Organization|Communication|Problem Solving|Vendor Management|Budget Management
Travel Agent,Travel Knowledge|Customer Service|Sales|Computer Skills|Organization|Communication
Tour Guide,Communication|Regional Knowledge|Customer Service|Cultural Sensitivity|Problem Solving|Enthusiasm
Sports Manager,Sports Management|Leadership|Marketing|Financial Management|Problem Solving|Communication
Coach,Athletic Knowledge|Coaching|Leadership|Communication|Motivation|Training Program Design
Personal Trainer,Fitness Knowledge|Training Program Design|Motivation|Communication|Anatomy|Problem Solving
Fitness Manager,Fitness Industry Knowledge|Management|Customer Service|Sales|Leadership|Communication
Truck Driver,Driving|Safety|Route Planning|Vehicle Maintenance|Time Management|Responsibility
Delivery Driver,Driving|Customer Service|Organization|Time Management|Safety|Communication
Fleet Manager,Fleet Management|Maintenance|Safety|Cost Management|Leadership|Problem Solving
Pilot,Flying|Navigation|Safety|Technical Knowledge|Decision Making|Responsibility
Social Worker,Case Management|Counseling|Problem Solving|Communication|Empathy|Crisis Intervention
Counselor,Counseling|Active Listening|Problem Solving|Empathy|Communication|Treatment Planning
Community Outreach Coordinator,Community Engagement|Program Management|Communication|Organization|Problem Solving|Cultural Sensitivity
Grant Writer,Grant Writing|Research|Communication|Organization|Problem Solving|Fundraising Knowledge
Non-profit Director,Non-profit Leadership|Fundraising|Strategic Planning|Budget Management|Communication|Vision
Fundraiser,Fundraising|Relationship Building|Communication|Sales|Problem Solving|Event Planning
Environmental Scientist,Environmental Science|Research|Analysis|Problem Solving|Technical Knowledge|Sustainability
Sustainability Consultant,Sustainability Strategy|Environmental Knowledge|Business Acumen|Communication|Problem Solving|Analysis
Content Creator,Content Creation|Social Media|Video Production|Creativity|Communication|Technical Skills
Social Media Content Creator,Social Media|Content Creation|Photography/Videography|Analytics|Creativity|Communication
Videographer,Video Shooting|Editing|Lighting|Storytelling|Technical Skills|Creativity
Blockchain Developer,Solidity|Cryptocurrency|Smart Contracts|Blockchain Technology|Python|Problem Solving
AI/ML Specialist,Artificial Intelligence|Deep Learning|Python|TensorFlow|Research|Problem Solving
IoT Engineer,IoT Technology|Embedded Systems|Networking|C/C++|Sensors|System Design
AR/VR Developer,Unity|Unreal Engine|C#|3D Graphics|AR/VR Platforms|Problem Solving
DevSecOps Engineer,DevOps|Security|CI/CD|Container Security|Compliance|Linux
Solution Architect,Solution Design|System Architecture|Technical Expertise|Communication|Business Acumen|Leadership
Enterprise Architect,Enterprise Architecture|Strategic Design|Leadership|Communication|Technical Expertise|Vision
React Developer,JavaScript|React|CSS|HTML|Redux|API Integration
Vue Developer,JavaScript|Vue.js|CSS|HTML|Vuex|API Integration
Angular Developer,JavaScript|Angular|TypeScript|CSS|RxJS|API Integration
PHP Developer,PHP|Laravel|Symfony|MySQL|API Development|HTML/CSS
Python Developer,Python|Django|Flask|SQL|REST API|Problem Solving
Ruby Developer,Ruby|Ruby on Rails|SQL|HTML/CSS|API Development|Problem Solving
Go Developer,Go|Microservices|API Development|Concurrency|Docker|Problem Solving
Rust Developer,Rust|System Programming|Memory Safety|Cargo|Problem Solving|Performance Optimization
Java Backend Developer,Java|Spring Boot|SQL|REST API|Microservices|Maven
C++ Developer,C++|System Programming|Memory Management|Problem Solving|Debugging|Performance
C# Developer,C#|.NET Framework|SQL|Azure|API Development|LINQ
Scala Developer,Scala|Functional Programming|Apache Spark|SQL|Problem Solving|Big Data
Perl Developer,Perl|Text Processing|Scripting|Regular Expressions|Problem Solving|System Administration
Shell Script Developer,Shell Scripting|Linux|Automation|Bash|System Administration|Problem Solving
Elixir Developer,Elixir|Phoenix Framework|Functional Programming|Erlang|Distributed Systems|Problem Solving
Clojure Developer,Clojure|Functional Programming|Java Interop|LispyScript|Problem Solving|Concurrency
Haskell Developer,Haskell|Functional Programming|Type System|Problem Solving|Concurrency|Lambda Calculus
TypeScript Developer,TypeScript|JavaScript|Node.js|Type Safety|Object-Oriented Design|Problem Solving
Kotlin Developer,Kotlin|Android Development|Java Interop|Coroutines|Problem Solving|Mobile Development
Swift Developer,Swift|iOS Development|Xcode|UI/UX|Problem Solving|Mobile Development
R Programmer,R|Statistical Analysis|Data Visualization|tidyverse|ggplot2|Problem Solving
MATLAB Developer,MATLAB|Numerical Analysis|Signal Processing|Simulink|Problem Solving|Mathematics
Jupyter Developer,Jupyter Notebooks|Python|Data Analysis|Visualization|Documentation|Collaboration
Oracle DBA,Oracle Database|SQL|Database Administration|Performance Tuning|Backup Recovery|Security
MongoDB Developer,MongoDB|NoSQL|JSON|JavaScript|Aggregation|Indexing
Cassandra Developer,Cassandra|NoSQL|Distributed Systems|CQL|Scalability|Performance
Redis Developer,Redis|Caching|Data Structures|Pub/Sub|Performance Optimization|Scalability
Elasticsearch Developer,Elasticsearch|Search Technology|Analytics|Query DSL|Kibana|Performance
Kafka Developer,Apache Kafka|Streaming|Event Processing|Distributed Systems|Scalability|Problem Solving
Spark Developer,Apache Spark|Big Data|Python|Scala|Distributed Computing|SQL
Hadoop Developer,Hadoop|HDFS|MapReduce|Big Data|Java|Distributed Computing
Data Warehouse Architect,Data Warehouse Design|ETL|SQL|Dimensional Modeling|Performance Tuning|Strategic Planning
ETL Developer,ETL Tools|SQL|Data Integration|Data Quality|Problem Solving|Performance
Talend Developer,Talend|ETL|Data Integration|Java|SQL|Data Quality
Informatica Developer,Informatica|ETL|Data Integration|SQL|Data Quality|Performance Tuning
SAS Programmer,SAS|Statistical Analysis|Data Management|Visualization|SQL|Problem Solving
Power BI Developer,Power BI|Data Visualization|DAX|SQL|Excel|Dashboard Development
Looker Developer,Looker|Data Visualization|LookML|SQL|Analytics|Dashboard Development
Qlik Developer,Qlik Sense|Qlik View|Data Visualization|SQL|Analytics|Dashboard Development
Tableau Specialist,Tableau|Data Visualization|SQL|Analytics|Dashboard Design|Communication
Salesforce Developer,Salesforce|Apex|VisualForce|Lightning|CRM|Problem Solving
Salesforce Administrator,Salesforce|Administration|Configuration|User Management|Data Management|Support
SAP Developer,SAP|ABAP|Enterprise Systems|SQL|Problem Solving|Configuration
Oracle Applications Developer,Oracle Apps|PL/SQL|ERP Systems|SQL|Problem Solving|Configuration
Shopify Developer,Shopify|Liquid|JavaScript|API Integration|E-commerce|Problem Solving
WordPress Developer,WordPress|PHP|JavaScript|CSS|Plugin Development|Theme Development
Drupal Developer,Drupal|PHP|JavaScript|MySQL|Theme Development|Module Development
Magento Developer,Magento|PHP|JavaScript|E-commerce|MySQL|Problem Solving
Joomla Developer,Joomla|PHP|JavaScript|CMS|MySQL|Theme Development
Cybersecurity Analyst,Threat Analysis|Vulnerability Assessment|Security Systems|Log Analysis|Incident Response|Risk Assessment
Ethical Hacker,Penetration Testing|Hacking Tools|Networking|Security|Problem Solving|Vulnerability Research
SOC Analyst,SIEM|Threat Detection|Incident Response|Log Analysis|Security Protocols|Communication
Privacy Officer,Privacy Law|GDPR|Compliance|Risk Management|Communication|Strategic Planning
Compliance Officer,Compliance|Regulations|Auditing|Risk Management|Documentation|Communication
IT Help Desk Technician,Technical Support|Troubleshooting|Hardware|Software|Customer Service|Communication
IT Field Technician,Hardware Installation|Troubleshooting|Networking|Customer Service|Problem Solving|Documentation
Website Administrator,Website Management|CMS|Server Administration|HTML/CSS|Database Management|Troubleshooting
Technical Writer,Technical Writing|Documentation|API Documentation|Communication|Organization|Problem Solving
Solutions Engineer,Technical Problem Solving|Solution Design|Communication|Customer Relations|Product Knowledge|Presentation
Pre-Sales Engineer,Sales Engineering|Technical Knowledge|Communication|Product Demonstration|Problem Solving|Client Relations
Technical Account Manager,Account Management|Technical Knowledge|Communication|Problem Solving|Client Relations|Product Knowledge
Release Manager,Release Management|Project Management|Change Control|Documentation|Communication|Problem Solving
IT Project Manager,Project Management|IT Knowledge|Leadership|Budget Control|Communication|Problem Solving
Scrum Master,Scrum|Agile|Coaching|Team Leadership|Problem Solving|Communication
Product Owner,Product Strategy|Agile|Backlog Management|Communication|Leadership|Business Acumen
Academic Data Analyst,Statistical Analysis|Research|Python|R|Academic Writing|Problem Solving
Clinical Data Manager,Clinical Data|Regulatory Compliance|Database Management|Statistical Analysis|Problem Solving|Attention to Detail
Biomedical Engineer,Biomedical Systems|Medical Devices|CAD|Problem Solving|Regulatory Knowledge|Technical Design
Software Test Engineer,Test Automation|Manual Testing|Problem Solving|Selenium|API Testing|Documentation
Performance Tester,Performance Testing|Load Testing|JMeter|Analysis|Problem Solving|Reporting
Security Tester,Security Testing|Vulnerability Testing|Problem Solving|Security Tools|Risk Assessment|Reporting
Retail Manager,Sales Management|Customer Service|Inventory Control|Staff Leadership|Cash Handling|Problem Solving
Store Manager,Store Management|Sales|Staff Management|Inventory|Customer Relations|Problem Solving
Visual Merchandiser,Visual Design|Creativity|Lighting|Arrangement|Sales|Customer Service
Loss Prevention Manager,Security|Surveillance|Investigation|Problem Solving|Leadership|Communication
Cashier,Cash Handling|Customer Service|Point of Sale|Accuracy|Communication|Friendliness
Sales Associate,Sales|Customer Service|Product Knowledge|Communication|Problem Solving|Teamwork
Retail Supervisor,Supervision|Sales|Customer Service|Inventory|Staff Training|Problem Solving
Electrician,Electrical Work|Safety|Problem Solving|Technical Knowledge|Code Knowledge|Troubleshooting
Plumber,Plumbing Systems|Safety|Problem Solving|Technical Knowledge|Code Knowledge|Customer Service
Carpenter,Carpentry|Safety|Technical Skills|Problem Solving|Hand Tools|Precision
HVAC Technician,HVAC Systems|Troubleshooting|Safety|Technical Knowledge|Equipment|Problem Solving
Welder,Welding|Safety|Precision|Technical Knowledge|Problem Solving|Physical Stamina
Heavy Equipment Operator,Equipment Operation|Safety|Problem Solving|Precision|Attention to Detail|Communication
CNC Machinist,CNC Machines|Precision|Technical Knowledge|Problem Solving|Safety|Attention to Detail
Mechanic,Vehicle Mechanics|Troubleshooting|Problem Solving|Equipment Knowledge|Safety|Attention to Detail
Diesel Mechanic,Diesel Engines|Troubleshooting|Technical Skills|Safety|Problem Solving|Equipment Knowledge
Head Chef,Culinary Skills|Kitchen Management|Leadership|Recipe Development|Food Safety|Creativity
Sous Chef,Culinary Skills|Kitchen Management|Leadership|Training|Food Safety|Creativity
Line Cook,Cooking|Food Safety|Kitchen Skills|Speed|Accuracy|Teamwork
Pastry Chef,Baking|Decoration|Creativity|Precision|Food Safety|Time Management
Bartender,Bartending|Customer Service|Communication|Memory|Team Work|Problem Solving
Server,Customer Service|Communication|Memory|Organization|Problem Solving|Teamwork
Hairstylist,Hair Styling|Customer Service|Creativity|Technical Skills|Communication|Precision
Makeup Artist,Makeup Application|Creativity|Color Theory|Communication|Technical Skills|Customer Service
Nail Technician,Nail Care|Artistry|Customer Service|Precision|Sanitation|Communication
Esthetician,Skincare|Facial Treatment|Customer Service|Product Knowledge|Communication|Technical Skills
Massage Therapist,Massage Therapy|Anatomy|Customer Service|Communication|Problem Solving|Empathy
Farmer,Farming|Equipment Operation|Problem Solving|Sustainability|Business Management|Safety
Farm Manager,Farm Management|Crop Knowledge|Equipment|Leadership|Business Acumen|Sustainability
Livestock Manager,Livestock Care|Health Knowledge|Equipment|Problem Solving|Leadership|Business Skills
Dairy Manager,Dairy Operations|Animal Health|Equipment|Quality Control|Leadership|Problem Solving
Park Ranger,Conservation|Public Safety|Environmental Knowledge|Communication|Outdoor Skills|Problem Solving
Wildlife Biologist,Wildlife Biology|Research|Data Analysis|Field Work|Problem Solving|Communication
Conservation Officer,Conservation|Law Enforcement|Environmental Knowledge|Problem Solving|Communication|Safety
Bus Driver,Driving|Safety|Customer Service|Route Knowledge|Problem Solving|Responsibility
Taxi Driver,Driving|Navigation|Customer Service|Problem Solving|Safety|Communication
Ship Captain,Navigation|Leadership|Maritime Law|Safety|Problem Solving|Technical Knowledge
Deck Officer,Navigation|Maritime Knowledge|Safety|Technical Skills|Leadership|Problem Solving
Crane Operator,Crane Operation|Safety|Precision|Problem Solving|Communication|Attention to Detail
Police Officer,Law Enforcement|Safety|Problem Solving|Communication|Physical Fitness|Judgment
Security Guard,Security|Awareness|Communication|Problem Solving|Safety|Responsibility
Firefighter,Fire Fighting|Safety|Physical Fitness|Problem Solving|Teamwork|Quick Thinking
Military Officer,Leadership|Strategic Planning|Safety|Communication|Problem Solving|Discipline
Detective,Investigation|Analysis|Problem Solving|Communication|Attention to Detail|Judgment
Geologist,Geology|Field Work|Analysis|Research|Problem Solving|Technical Knowledge
Meteorologist,Meteorology|Weather Analysis|Research|Data Analysis|Problem Solving|Communication
Microbiologist,Microbiology|Laboratory Work|Research|Data Analysis|Problem Solving|Precision
Botanist,Plant Science|Field Work|Research|Data Analysis|Problem Solving|Communication
News Anchor,Communication|Presentation|Writing|Research|Critical Thinking|On-Camera Skills
Radio Host,Public Speaking|Communication|Improvisation|Interviewing|Problem Solving|Personality
Sports Commentator,Sports Knowledge|Public Speaking|Communication|Enthusiasm|Quick Thinking|Writing
Announcer,Public Speaking|Voice Skills|Pronunciation|Communication|Professionalism|Quick Thinking
Athlete,Athletic Ability|Training Discipline|Teamwork|Mental Toughness|Performance|Fitness
Sports Agent,Sales|Negotiation|Sports Knowledge|Communication|Business Acumen|Networking
Athletic Trainer,Athletic Training|First Aid|Sports Knowledge|Communication|Problem Solving|Empathy
Librarian,Information Management|Research|Organization|Communication|Customer Service|Technology
Archivist,Archives Management|Organization|Preservation|Research|Documentation|Problem Solving
Museum Curator,Curation|Art Knowledge|Research|Communication|Problem Solving|Management
Conservator,Conservation|Restoration|Technical Skills|Precision|Research|Problem Solving
Exhibition Designer,Exhibition Design|Creativity|Technical Skills|Communication|Problem Solving|Project Management
Veterinarian,Veterinary Medicine|Animal Care|Diagnosis|Communication|Compassion|Problem Solving
Veterinary Technician,Veterinary Care|Animal Handling|Technical Skills|Communication|Compassion|Safety
